<?xml version="1.0" encoding="UTF-8" ?>
<XMLDB PATH="blocks/configurable_reports/db" VERSION="20100924" COMMENT="XMLDB file for Moodle blocks/configurable_reports"
    xmlns:xsi="http://www.w3.org/2001/XMLSchema-instance"
    xsi:noNamespaceSchemaLocation="../../../lib/xmldb/xmldb.xsd"
>
  <TABLES>
    <TABLE NAME="block_configurable_reports" COMMENT="block_configurable_reports table retrofitted from MySQL">
      <FIELDS>
        <FIELD NAME="id" TYPE="int" LENGTH="10" NOTNULL="true" UNSIGNED="true" SEQUENCE="true"  NEXT="courseid"/>
        <FIELD NAME="courseid" TYPE="int" LENGTH="11" NOTNULL="true" UNSIGNED="true" SEQUENCE="false"  PREVIOUS="id" NEXT="ownerid"/>
        <FIELD NAME="ownerid" TYPE="int" LENGTH="11" NOTNULL="true" UNSIGNED="true" SEQUENCE="false"  PREVIOUS="courseid" NEXT="visible"/>
        <FIELD NAME="visible" TYPE="int" LENGTH="4" NOTNULL="true" UNSIGNED="true" SEQUENCE="false"  PREVIOUS="ownerid" NEXT="name"/>
        <FIELD NAME="name" TYPE="char" LENGTH="128" NOTNULL="true" SEQUENCE="false"  PREVIOUS="visible" NEXT="summary"/>
        <FIELD NAME="summary" TYPE="text" LENGTH="small" NOTNULL="false" SEQUENCE="false"  PREVIOUS="name" NEXT="type"/>
        <FIELD NAME="type" TYPE="char" LENGTH="128" NOTNULL="true" SEQUENCE="false"  PREVIOUS="summary" NEXT="pagination"/>
		<FIELD NAME="pagination" TYPE="int" LENGTH="4" NOTNULL="false" UNSIGNED="true" SEQUENCE="false"  PREVIOUS="type" NEXT="components"/>
        <FIELD NAME="components" TYPE="text" LENGTH="small" NOTNULL="false" SEQUENCE="false"  PREVIOUS="pagination" NEXT="export"/>
        <FIELD NAME="export" TYPE="char" LENGTH="255" NOTNULL="false" SEQUENCE="false"  PREVIOUS="components" NEXT="jsordering"/>
        <FIELD NAME="jsordering" TYPE="int" LENGTH="4" NOTNULL="false" UNSIGNED="true" SEQUENCE="false"  PREVIOUS="export" NEXT="global"/>
        <FIELD NAME="global" TYPE="int" LENGTH="4" NOTNULL="false" UNSIGNED="true" SEQUENCE="false"  PREVIOUS="jsordering" NEXT="lastexecutiontime"/>
        <FIELD NAME="lastexecutiontime" TYPE="int" LENGTH="10" NOTNULL="false" UNSIGNED="true" SEQUENCE="false" COMMENT="Time this report took to run last time it was executed, in milliseconds." PREVIOUS="global" NEXT="cron"/>
        <FIELD NAME="cron" TYPE="int" LENGTH="4" NOTNULL="true" DEFAULT="0" UNSIGNED="true" SEQUENCE="false"  PREVIOUS="lastexecutiontime" COMMENT="Should we run this query on regular CRON"/>
      </FIELDS>
      <KEYS>
        <KEY NAME="primary" TYPE="primary" FIELDS="id"/>
      </KEYS>
    </TABLE>
  </TABLES>
</XMLDB>